review,labels
"Creo que es más caro que la farmacia que sólo cuesta 27usd.So usted tiene una buena elección si usted quiere, pero",0
"Cuando vi esto en Amazon, lo puse en mi lista de deseos para que pudiera encontrarlo de nuevo. Sabía que sería el próximo regalo de bebé que iba a comprar. La oportunidad surgió recientemente y tan pronto como leí la invitación de la ducha, puse mi pedido. Esto parece tan cómodo. Me encanta que tenga una segunda cubierta que le permita crecer con el niño. Tantos artículos diseñados para un bebé se utilizan sólo por un tiempo tan corto, pero esto debe ser capaz de ser utilizado por mucho más tiempo. He dado esto a la madre-a-ser y ella estaba encantada de recibirlo. El niño de 7 años tuvo que probarlo, ya haciendo planes sobre cómo ella y el nuevo bebé puede compartirlo para ver la televisión! Hay un strisp en la parte inferior que lo hace mover de habitación a habitación fácil. La cremallera de la cubierta, para cambiar a la otra, o para lavarlo. Es un artículo bien pensado.",1
"Realmente nos gustan estos valances. Tienen personajes tan lindos en ellos. Les recomendamos mucho! La única caída es tener que planchar después de que salen de la secadora, pero vale la pena!",1
No hay luz que emita de la luz nocturna. Lo pintaron de un color sólido y no dejaron una abertura en la espalda. Terminarás devolviéndola.,0
"Realmente esperaba que esto fuera un dispensador de toallitas de viaje conventual, pero no fue para mí, no cierra todo el camino, así que seca las toallitas.",0
Mi hijo de dos años ama esta estantería!! Lo hemos llenado de unos 25 libros y todavía hay espacio para unos pocos más. Se ve muy bien en nuestra habitación familiar y hemos recibido muchos cumplidos.,1
"Esta luz fue maravillosa durante los primeros días, antes de que comenzara a parpadear como una luz estroboscópica. Llamamos a Mobi e inmediatamente nos enviaron otra luz de forma gratuita, pero la nueva luz sólo duró unos 2 meses y luego no se encendió. También verde era el único color que no era demasiado brillante para la habitación de nuestra hija por la noche.",0
Me enviaron por correo el producto equivocado cuando lo pedí y recibí una blankie Deglingos. Entonces finalmente conseguí el producto correcto y era tan lindo como en la imagen. Lo sacudí y se agachó en cuclillas. No tenía idea de cómo conseguir que sonara hasta que mi chica lo estranguló y lo hizo chillar.,0
"El colchón es un poco delgado y no es lo suficientemente fuerte para mantener su forma con las sábanas (el elástico tira del colchón para que no se ajuste a los lados de la cuna. Muy hermoso y algo fácil de montar, sin embargo, se necesita una persona increíblemente flexible o una segunda persona como se montan los lados cortos al soporte del colchón luego se ata a los lados largos y es imposible sostener directamente para atornillar un lado mientras que el otro lado se ata y ""flota"" alrededor. En cuanto a la durabilidad, su bastante resistente dang! Mis 6 y 4 años de edad (siendo los hermanos mayores que son) han ""probado"" que para asegurarse de que no se caiga sobre el bebé saltando en él repetidamente y ni siquiera se ha rajado con su peso combinado (103 libras totales). Lo único que he encontrado con él es que los agujeros preestablecidos para el montaje no se detienen y usted tiene que comprobar para asegurarse de que no sale del lado terminado.",1
Usé estos baberos en mi hijo mayor y los amé. Estoy feliz de usarlos en mis hijos gemelos.,1
Buen precio y buena calidad. Me gusta que la tapa mantenga la abertura del pezón cerrada para que pueda mezclar fórmula en ella (no puedo hacer eso con pezones medela - necesidad de tapas sólidas para eso),1
"Me encanta lo lindo que es este plato, y las secciones son agradables, pero la succión (incluso cuando lo mojas) es justa. Mi hija (17 meses de edad ahora) ha sido capaz de sacarlo desde que lo consiguió hace 3 meses. Pero creo que ninguna succión sería lo suficientemente fuerte para un niño determinado que quiere sacar su plato de su bandeja.",1
"Compró esto para mi hija, Esto había hecho ser una madre a dos niños pequeños un poco más fácil. Voy a comprar este artículo de nuevo cuando mi hija en las leyes y mi otra hija tienen bebés",1
"Compramos estos juguetes cuando nuestro hijo tiene 15 meses, pero nunca le prestó ninguna atención hasta que tenía casi 20 meses cuando lo compramos en el parque con un enorme arenero. Pero ahora se utiliza principalmente en la bañera, ya que le encanta llenar las tazas y ver que drena. Nunca lo he estado utilizando como un juguete de apilamiento como tiene tantos otros, pero puedo verlo haciendo una pila con estos. barato y bueno.",1
"La guardería de mi hija está decorada con un tema de búho. Después de buscar, no pude encontrar un conjunto de ropa de cama de cuna que me gustó. En su lugar, opté por este conjunto de niños pequeños y estoy tan feliz de haberlo hecho. Es de buena calidad, adorable, y va a durar por años - no sólo unos pocos meses como un conjunto de cuna. También tenemos algunos de los accesorios a juego y obtener toneladas de cumplidos en todo el conjunto. Definitivamente feliz con esta compra!",1
"Estos chupetes están bien y no tengo grandes quejas. Los compré porque vienen con la cubierta esterilizadora, pero desde entonces he aprendido que el jabón y el agua están perfectamente bien para esterilizar mientras no uses agua de pozo. Así que nunca uso la cubierta para esterilizar más, sólo para cubrirlo y mantenerlo limpio. Así que sería más útil si hubiera una cubierta para cada chupete. Además, mi bebé tiene mejillas gordas, y estos chupetes son bastante anchos, así que se presionan en sus mejillas. No parece importarle, pero los hace un poco más difíciles de mantener en su boca y obtiene estas horribles marcas rojas en sus mejillas. Así que prefiero todos sus otros chupetes a estos. Pero estos están bastante bien, también.",0
"Compramos dos de estos, uno para la guardería y uno para la cocina. Se ajusta perfectamente a nuestras botellas anchas Dr. Browns. No es demasiado ruidoso. Parece calentar las botellas en una cantidad razonable de tiempo. No estoy seguro de lo que la gente que se queja del tiempo espera de un calentador de agua. ¡No es un microondas!",1
Viajamos un montón y conseguimos esto para el gran bebé! Es perfecto y fácil de usar! Nos encanta y lo usaremos durante muchos años por venir!,1
"No me gusta porque es de mala calidad. Nunca uso, después del primer lavado. Pensé que era de mejor calidad, como Carters siempre tiene buenos productos",0
Gran bolsa con mucho espacio para toda la comida de mi hijo. Mantiene la comida fresca con una bolsa de hielo. Clip en la parte superior significa que es fácil de adjuntar a un cochecito o bolsa más grande. Diseño divertido recibe cumplidos.,1
